y_true,y_pred,proba,logit,race
1,1,0.9995688212170432,7.748556472458358,African-American
0,0,4.6542626963916473e-07,-14.580311676952242,African-American
1,1,0.9978649311903247,6.147119052146256,Caucasian
1,1,0.9806586452581613,3.9259788966425613,Other
1,1,0.9967181022724741,5.716046153465242,African-American
0,0,5.349740892188879e-07,-14.441046987615573,Caucasian
0,0,4.8611304882683434e-08,-16.83940967372354,Caucasian
0,0,0.0009574427746801854,-6.950286702626772,Caucasian
0,0,2.2239281280872732e-08,-17.62140566235446,Caucasian
1,1,0.9999876233645693,11.299687725509603,Caucasian
1,1,0.9994388082846508,7.4848866229882045,Hispanic
0,0,3.38596158856863e-06,-12.595869232541546,African-American
0,0,0.11473522254693638,-2.0432597227237745,African-American
1,1,0.9885244618784617,4.455995738797032,Other
0,0,4.4364383737019217e-07,-14.628243320864383,African-American
0,1,0.6383698794352821,0.5682959406159831,African-American
0,0,8.431261600629894e-06,-11.683555709785487,Other
0,0,7.363757989393431e-08,-16.424110271499,African-American
0,0,2.194053409112636e-07,-15.33234472673612,African-American
0,1,0.988643575492061,4.466550258151247,African-American
0,0,0.014751521396203488,-4.201547648929151,African-American
1,1,0.9748026818233096,3.6554975056053207,African-American
0,0,0.002260023865151881,-6.090117324378511,Caucasian
1,1,0.9999226333000053,9.466876732878912,Caucasian
1,1,0.8926879280222557,2.1184959050081873,African-American
0,0,3.964100682912356e-06,-12.438227578388563,Caucasian
1,1,0.9955859375867777,5.418535998264945,Caucasian
0,0,7.0021612103490785e-06,-11.869284710039377,African-American
0,0,0.0036969733914396763,-5.596536972304673,African-American
1,1,0.9998499773921795,8.804574522559365,African-American
1,1,0.9998334428283986,8.70000536345755,Caucasian
0,0,2.7548720443879156e-06,-12.802136806430424,Hispanic
1,1,0.9999174228992043,9.4016955654381,Caucasian
1,1,0.9999672073062031,10.325272024250998,African-American
1,1,0.5849070638581992,0.342950531742104,African-American
0,0,3.682394028399106e-08,-17.117117615268874,Caucasian
0,0,5.171406072929887e-06,-12.1723607673163,Caucasian
0,0,1.2415666404097933e-06,-13.599135314537651,Other
1,1,0.9463405349989411,2.869944603063878,Hispanic
1,1,0.991865597561331,4.803485329406531,African-American
0,0,1.3164169377158813e-06,-13.540595636848273,Hispanic
0,0,3.150347690087334e-06,-12.667994583059759,Caucasian
1,1,0.9997891471805567,8.464139331012403,African-American
0,0,2.2440053947395185e-06,-13.007245922225932,Other
0,0,0.010309866840486754,-4.564290514949572,Caucasian
0,0,6.461149647082329e-09,-18.857458564579822,Other
0,0,1.2765388314391319e-06,-13.571356903945741,African-American
0,0,0.002429602365510565,-6.017595111973117,African-American
1,1,0.9045595575887068,2.2489457352665685,Caucasian
0,0,5.988906483599538e-08,-16.630771845596566,African-American
0,0,2.365910823984617e-06,-12.954345117828343,African-American
0,0,1.9174536565399488e-07,-15.467097373934152,Caucasian
0,0,1.9101666432894533e-06,-13.16831816174761,Caucasian
1,1,0.9996548455573867,7.9711733673318514,African-American
0,0,2.616588299438307e-06,-12.853636647954078,Caucasian
1,1,0.965426132148707,3.329471459292364,Caucasian
0,0,3.467925362491949e-08,-17.177124172359207,Hispanic
1,1,0.9998154170076763,8.597226772701072,Other
0,0,2.365558468250133e-06,-12.954494059540506,African-American
0,1,0.9862438463877422,4.27241737330116,African-American
0,0,2.867560731619832e-08,-17.36721896618764,Caucasian
0,0,5.194378820483502e-08,-16.77310364717971,Caucasian
1,1,0.9740116489361649,3.623774861847389,Caucasian
0,0,5.054128957206357e-07,-14.497889621034941,Caucasian
1,1,0.9998686461396867,8.93748429025802,African-American
0,0,1.8237548325384477e-06,-13.21461126357524,African-American
1,1,0.9996749724412729,8.03127550275451,Native American
0,0,1.113297808237023e-07,-16.01076893058627,Caucasian
1,1,0.9981841849599244,6.309403388538159,African-American
0,0,0.003139535102490107,-5.760536072772937,Caucasian
1,1,0.9984408249505132,6.462038020196063,African-American
0,0,1.761840738013416e-08,-17.85432158995767,Caucasian
1,1,0.9369993565309516,2.699537655371152,African-American
0,0,2.2556724006590747e-07,-15.304647314773408,African-American
1,1,0.999738669239886,8.249462307919936,African-American
1,1,0.9949812885891918,5.289550721864983,Caucasian
1,1,0.9976865964975676,6.066719377573521,Caucasian
1,1,0.9998770114608803,9.003296388718653,Caucasian
0,0,6.3655474148056e-08,-16.569780448088455,African-American
0,0,3.14639927299477e-08,-17.274422001412315,Hispanic
1,1,0.9999146546611697,9.368719373649984,African-American
0,0,2.307408126849427e-06,-12.979383378967754,African-American
1,1,0.9993103229626592,7.278597216799076,African-American
0,0,0.003301822830553463,-5.709973304240256,African-American
1,1,0.9920024989837438,4.820596506505278,African-American
1,1,0.9972607430266339,5.8973255573578545,African-American
0,0,2.4278236734668023e-07,-15.231100159746427,African-American
1,1,0.9468511897039131,2.8800462215498466,African-American
0,0,3.6376702565839547e-07,-14.826751849855247,Hispanic
0,0,4.4493771008875795e-07,-14.625331096968736,Caucasian
1,1,0.9999191497404544,9.422830908206352,Other
0,0,1.7240624811407836e-07,-15.573412065006268,African-American
0,0,2.9351916071317077e-08,-17.343907979931092,African-American
0,0,1.4151241158347816e-06,-13.468291901219766,African-American
0,0,0.0025391997644374754,-5.9733638719627375,African-American
0,0,1.6306516352396457e-07,-15.629115776743053,Caucasian
0,0,6.923658556074137e-08,-16.485736351720846,Caucasian
0,1,0.6583205141439034,0.6558187945116747,Caucasian
1,1,0.9969903193193856,5.802907073146037,Caucasian
0,0,8.664605834723977e-07,-13.958848351721189,Caucasian
1,1,0.9942436842249046,5.151684684083935,African-American
1,1,0.9790622255489438,3.8450402832166906,African-American
0,0,0.37424698403463325,-0.5140397854855708,African-American
0,0,0.00110660900919926,-6.805347664447223,African-American
1,1,0.994959535555339,5.285203838992037,Caucasian
0,0,3.3857749000445005e-07,-14.898512510488526,Caucasian
0,0,9.328545591801399e-07,-13.88501560051853,Hispanic
1,1,0.9977097790453775,6.076814131814139,Caucasian
0,0,3.4815385284336894e-06,-12.568032774461559,Hispanic
0,0,0.03691478949546519,-3.2615296222290113,African-American
1,1,0.9998419044869438,8.752153086556092,African-American
1,1,0.9997431162774645,8.266630100224823,African-American
1,1,0.9787096970335419,3.827983359195764,Caucasian
0,0,0.0004388872819362091,-7.73082895520205,Caucasian
0,0,5.8131696097058325e-08,-16.660554719872575,Hispanic
0,0,0.00031818267691477756,-8.052566651106003,Caucasian
0,0,0.007306213576435419,-4.911697083342363,Caucasian
0,0,5.055814076494726e-08,-16.800141810070993,Caucasian
0,0,9.51142580916059e-07,-13.865600907139441,African-American
0,0,3.378499365995859e-07,-14.900663676756722,Caucasian
1,1,0.9769172306399465,3.7453155065375063,Other
1,1,0.9988751803369111,6.789007102904148,Caucasian
0,0,1.888215972207739e-06,-13.1798762165063,Caucasian
1,1,0.9997932717502509,8.483898680703348,Caucasian
0,0,4.394003002070749e-06,-12.335265506768962,African-American
0,0,1.361040644711455e-07,-15.809845927772306,African-American
1,1,0.9891358133105431,4.511359891170749,Other
0,0,6.449228844235135e-07,-14.25413444140861,African-American
0,0,4.5403949486655094e-07,-14.605081195551016,Caucasian
1,1,0.975225906819732,3.6728706661249855,Other
0,0,3.59273961738393e-08,-17.14176567193684,Native American
1,1,0.9877782409641563,4.392240329418467,African-American
0,0,2.4829697816454956e-08,-17.511225382769165,African-American
1,1,0.9998418754712124,8.751969541454468,African-American
0,0,3.2363130279913255e-07,-14.943660599808027,Caucasian
0,0,0.00035989073137477294,-7.929350141038216,Caucasian
1,1,0.9993673296223127,7.364928131200962,African-American
1,1,0.9973026046646947,5.912767622351589,Caucasian
0,0,0.0014781057941420411,-6.515514680490508,Caucasian
1,1,0.9996267916685094,7.893000486783596,Caucasian
0,0,2.3371840386485988e-08,-17.57173391816781,African-American
1,1,0.9997175198541675,8.171619770035475,African-American
1,1,0.999956622226282,10.045519995638426,African-American
1,1,0.9996584788220614,7.981759286905119,African-American
0,0,2.1810977624632943e-06,-13.03568006604433,Caucasian
0,0,3.801969270957318e-08,-17.085161544235415,Other
0,0,2.7065534865678084e-08,-17.425004667563098,Caucasian
0,0,5.75146462038272e-08,-16.671226147474922,Caucasian
0,0,1.7069199828759267e-06,-13.280818284207431,Caucasian
0,0,8.962659557183443e-08,-16.227613645804414,Other
0,0,3.2310228664762954e-07,-14.945296563825325,African-American
1,1,0.9926513742222214,4.905866192305524,Caucasian
1,1,0.9869512074453054,4.3259249980554975,African-American
0,0,0.019455989645348257,-3.9199525566784454,Caucasian
1,1,0.9017702167061573,2.2170502773712446,Hispanic
0,0,2.423287947602654e-06,-12.9303828606086,Caucasian
1,1,0.9053781097940923,2.258463810507886,African-American
1,1,0.9104393099430248,2.3190107445304733,Caucasian
1,1,0.9999042153597751,9.253312428296129,African-American
0,0,8.090059727213327e-07,-14.02745872806421,Caucasian
1,1,0.9991225969937081,7.037666354724265,African-American
0,0,1.5400760561357835e-06,-13.383677215579839,Caucasian
0,0,4.801841123488615e-05,-9.943878033641933,Caucasian
0,0,1.0419457487738695e-06,-13.774419638558651,African-American
0,0,3.8084016650248424e-08,-17.08347111524105,Caucasian
1,1,0.9990676175199407,6.976834623715384,African-American
0,0,1.8282358879436207e-07,-15.51474396188325,African-American
1,1,0.9949476459214313,5.282835829766676,African-American
0,0,4.323575630269701e-07,-14.654012466500873,Hispanic
1,1,0.9999134038622954,9.354168742757548,African-American
0,1,0.505492283074793,0.02197001596672679,Caucasian
0,0,8.263122051749415e-08,-16.30887817283506,African-American
1,1,0.999767734128556,8.367395551999255,African-American
0,0,2.9280108138852306e-06,-12.741184340590115,Other
1,1,0.9982219530499963,6.330460106611005,African-American
0,0,1.4961467934092763e-06,-13.412616063141233,African-American
1,1,0.9965044998747052,5.652777192507747,African-American
1,1,0.9865447846970279,4.294841936238203,Other
0,0,0.005335310841263864,-5.228058536956661,African-American
1,1,0.9724335927943917,3.5632038869297933,African-American
1,1,0.998653728198378,6.609068956451278,African-American
0,0,1.4863290327801355e-07,-15.721786158749893,African-American
0,0,3.4934890724617772e-06,-12.564606093426475,Caucasian
0,0,2.105809275383615e-06,-13.070808605037938,African-American
0,0,2.173766889270398e-06,-13.039046827891744,African-American
0,0,4.905587548063379e-07,-14.527720289017937,Caucasian
1,1,0.7027861274334877,0.8606006278222429,Other
1,1,0.9999125394490267,9.344235247905816,African-American
0,0,2.2239937348833943e-05,-10.713598665450034,African-American
0,0,3.6173776145350847e-07,-14.832345941773067,Caucasian
1,1,0.9996164712446022,7.865712356165942,African-American
0,0,1.2895502776007418e-05,-11.258619033808435,African-American
1,1,0.9995189432542724,7.639044147840601,Other
1,1,0.9999108376191101,9.324962179882096,African-American
0,0,2.140477305576263e-07,-15.357066592757619,Caucasian
0,0,3.6690911708221616e-07,-14.818151290028013,Caucasian
0,0,2.344358782162993e-07,-15.266083492458046,African-American
0,0,1.6334635711217546e-06,-13.324806273808274,Caucasian
0,0,0.00012405238081055842,-8.994682595588392,Hispanic
1,1,0.999568791990828,7.748488663389435,African-American
0,0,6.722511380648391e-08,-16.51521887464874,Hispanic
0,0,1.3657320652464654e-08,-18.108990133885882,African-American
0,0,1.540349210494641e-06,-13.383499866833061,Hispanic
0,0,0.0015190130302994537,-6.488174309296056,Caucasian
1,1,0.9946561044853365,5.226442169637743,African-American
1,1,0.9938321599559741,5.08221963651094,African-American
0,0,5.908548823565552e-07,-14.341694804764588,African-American
1,1,0.9930817613037289,4.966651784750331,African-American
0,0,4.168678432008611e-08,-16.993081639465217,African-American
0,0,4.529961991105446e-06,-12.30479247901673,African-American
1,1,0.9850285370071878,4.18652469036612,Caucasian
0,0,2.8026222437917907e-08,-17.39012522136223,Hispanic
1,1,0.997597121324186,6.028682041914038,Hispanic
1,1,0.9998942417179484,9.15424866195671,Caucasian
1,1,0.9967547673053911,5.727317712852363,African-American
0,0,2.4515391054893873e-06,-12.91879207278232,Caucasian
0,0,9.38640016667381e-09,-18.484003976675787,African-American
1,1,0.9889612658656098,4.495244793372151,African-American
1,1,0.8644742654506804,1.8529599913892871,African-American
0,0,3.567510108633646e-06,-12.543639086548653,African-American
0,0,0.00955577436899986,-4.641007937509268,African-American
0,0,6.322954342059417e-06,-11.971317676869567,Caucasian
1,1,0.9998985952772875,9.196289482953564,African-American
0,0,2.7909529820289566e-06,-12.78912465887639,African-American
1,1,0.9904503348454963,4.641653631860428,Caucasian
1,1,0.982844945158375,4.048158498210062,Caucasian
1,1,0.9775483829303464,3.7736851458156315,African-American
0,0,7.473500567412986e-05,-9.501487221004698,African-American
0,0,0.017299892328027238,-4.039603717264955,Caucasian
0,0,0.002440236598124361,-6.013217059105554,African-American
0,0,4.658103751236045e-08,-16.88207225238393,African-American
0,0,0.00010761393184649587,-9.136852820768233,Caucasian
0,0,0.0009373553597378471,-6.9715103000168455,African-American
1,1,0.9992264553147997,7.1637532754583795,African-American
0,1,0.5687802542365378,0.27687635197922206,African-American
0,0,2.045871736215056e-06,-13.099684536548079,Caucasian
1,1,0.9960016605016662,5.517869775238616,African-American
1,1,0.9953465982173391,5.365492498120434,Caucasian
1,1,0.9997629949638286,8.347192134260208,Hispanic
1,1,0.829967938213237,1.5854000533723682,Hispanic
1,1,0.9999259666628882,9.510921028617508,Caucasian
0,0,4.245758680754598e-07,-14.672174699206641,Hispanic
1,1,0.999837213738866,8.722909699513663,Hispanic
1,1,0.9998766064862733,9.000008609739847,African-American
0,1,0.8041889018647639,1.4126837846832534,African-American
1,1,0.9999334521374903,9.617522582123991,Caucasian
0,0,3.6203984506153403e-07,-14.831511199907146,African-American
0,0,6.52515170479793e-07,-14.24243079572699,Caucasian
0,0,1.6397814219248482e-06,-13.320945964541995,Caucasian
0,0,2.507405220663717e-07,-15.198846958417683,African-American
1,1,0.9269265808926004,2.5404096847393824,Hispanic
0,0,8.172077827039925e-07,-14.017371633218062,Caucasian
1,1,0.9883364867686817,4.439557771591595,Caucasian
1,1,0.9988674607112884,6.782159828093809,African-American
0,1,0.5295585033586128,0.11837203852465773,African-American
0,0,3.417176669943389e-08,-17.191866034752113,African-American
0,0,2.5846823859817475e-07,-15.168492760170725,Caucasian
0,1,0.9822681649531537,4.0145027372046345,Caucasian
0,0,1.0585692166322411e-07,-16.061177344402083,African-American
1,1,0.9999444056108371,9.797372680201383,African-American
0,0,2.509728611102488e-08,-17.500506094623844,Asian
0,0,1.2088739160686258e-07,-15.928406251661043,Hispanic
0,0,1.2392166621075452e-07,-15.903616071148267,Caucasian
0,0,3.001991662309621e-08,-17.321404758103576,African-American
1,1,0.9981280115479699,6.278880326920937,Other
1,1,0.9925613714800706,4.893602352760668,Caucasian
0,0,1.5814559392695334e-07,-15.659749589526065,African-American
1,1,0.9745737884686752,3.6462196434099345,African-American
0,0,0.0004051716153520502,-7.810794585281307,Caucasian
1,1,0.9996506609156908,7.9591181190522216,African-American
1,1,0.9996783628737224,8.041764896054234,African-American
0,0,4.7161299764922044e-08,-16.869692153746747,Caucasian
0,0,0.0027701607330906973,-5.886075929350856,African-American
0,0,0.0019831320737582325,-6.221092727573899,African-American
1,1,0.9992883274824729,7.247180773777233,African-American
0,0,1.1502610318844398e-06,-13.67552050683711,Caucasian
1,1,0.9978856284871765,6.156881057749183,Caucasian
0,0,3.859590123225671e-07,-14.767534272853425,African-American
1,1,0.9095200832059307,2.3077891671025252,Caucasian
1,1,0.9998987041188608,9.197363506552371,Caucasian
0,0,1.6337897877140918e-07,-15.62719314830728,Caucasian
1,1,0.7403388172292122,1.0477303045355695,African-American
0,0,2.9193486251617835e-08,-17.34932019693803,African-American
0,0,4.879985207177339e-06,-12.230363489422817,Caucasian
0,0,4.6305649049102134e-07,-14.585416317546327,Caucasian
0,0,2.7308800617572835e-07,-15.113471453678407,African-American
0,0,8.373959622487732e-07,-13.992967967747909,Hispanic
1,1,0.9999667370506556,10.311033149211662,African-American
1,1,0.9997405605745302,8.256727837383204,Caucasian
1,1,0.9801800640754376,3.9010479976102603,Other
1,1,0.9998180895013838,8.61181383064292,African-American
1,1,0.9999418044496813,9.751643463910812,Hispanic
1,1,0.999735196569154,8.236257939120797,African-American
0,0,5.38881767649305e-08,-16.736354684215677,African-American
1,1,0.9998210514692315,8.628233366532578,African-American
1,1,0.9923644660749199,4.8672775776517945,African-American
0,0,7.682580788301048e-07,-14.079139351845843,Caucasian
0,0,1.2536713362829263e-06,-13.589432988711975,Caucasian
0,0,1.3015275101582126e-06,-13.551970673935818,Caucasian
1,1,0.9997753146646171,8.400584933415304,African-American
1,1,0.9998145144313706,8.59234797331599,African-American
0,0,2.4910560301005485e-08,-17.507973989999652,African-American
0,0,6.410728744403247e-08,-16.56270772670011,Caucasian
0,0,1.1675632691897209e-07,-15.963176633083949,Hispanic
0,0,8.607754060747103e-09,-18.57060239633725,Caucasian
1,1,0.9998575599668781,8.856447016843655,African-American
1,1,0.9979137532130482,6.170300197065135,African-American
1,1,0.9553718080209819,3.0637348259996875,African-American
0,0,9.35202637907983e-07,-13.88250167090085,Caucasian
0,0,0.005680393831181849,-5.165038123551181,Caucasian
1,1,0.9999524416513489,9.95350564864609,African-American
1,1,0.9642619792679907,3.2951478918485093,African-American
0,0,9.878393837082805e-08,-16.13033071372099,African-American
0,0,4.100982595577084e-08,-17.009454100487712,African-American
1,1,0.9999335712717606,9.619314509907701,Caucasian
1,1,0.9927045639380078,4.913184145435015,African-American
0,0,6.32472208575141e-07,-14.273628923849309,Hispanic
1,1,0.9999032071016056,9.242840132484375,Caucasian
1,1,0.9987700729586863,6.699569743339827,Caucasian
0,0,3.0122970856010313e-08,-17.317977774758074,African-American
0,0,3.282719077098825e-07,-14.929423256789809,African-American
0,0,0.006906627029483177,-4.968343301081095,African-American
0,0,7.477204131439244e-07,-14.106235960343458,African-American
1,1,0.9999514715142018,9.933311066727025,Hispanic
0,0,0.0003199758461733307,-8.046945018678288,African-American
0,0,5.261605338855194e-08,-16.76024451364899,Hispanic
1,1,0.9999184817863574,9.414602560872325,Caucasian
0,0,7.710607713231968e-07,-14.075497873997394,Caucasian
0,0,3.6326487026421456e-08,-17.130718655279605,African-American
1,1,0.9999306563157881,9.576366140468224,African-American
0,0,1.3137888581953403e-07,-15.84518029873335,Caucasian
1,1,0.9998140361012835,8.589772014819431,African-American
1,1,0.9984290392744064,6.45449572366505,African-American
0,0,0.06338735548587392,-2.693005395834049,Other
0,0,6.646427067150614e-08,-16.52660125034388,Caucasian
0,0,1.7808721928158393e-08,-17.843577485884516,African-American
0,0,0.00034417044036651846,-7.974029327431371,African-American
1,1,0.9994313085497826,7.4716036844544,African-American
0,0,1.2740280719957428e-07,-15.87591193211474,Caucasian
1,1,0.9967278710372348,5.719036952886795,African-American
0,0,5.348267365822749e-07,-14.441322464532043,Caucasian
0,0,1.9995020069324413e-06,-13.122610405438886,African-American
0,0,2.609736626035329e-06,-12.856258641546361,Caucasian
1,1,0.904553110535092,2.24887105969576,Caucasian
0,0,6.866273573672678e-07,-14.19147342539447,Other
1,1,0.999721508843102,8.185845721768562,African-American
1,1,0.8462394284373219,1.7054056694489113,African-American
0,0,6.847802491670103e-08,-16.49675287880461,Other
0,0,3.077666278085347e-08,-17.296509105311745,Caucasian
0,0,9.807743443794553e-08,-16.137508424874483,Caucasian
0,0,7.91301295947961e-08,-16.352172050451085,Caucasian
1,1,0.9996626968819499,7.994191211776772,Caucasian
1,1,0.9999429522264744,9.771564459738173,Caucasian
0,0,6.954111644561206e-07,-14.178761867364608,Caucasian
0,0,0.0008083284029497078,-7.11973348744655,Caucasian
0,0,2.1169596370474714e-06,-13.065527515140323,African-American
0,0,3.192809212679251e-06,-12.654606204947202,Caucasian
0,0,4.3123213369358365e-08,-16.95920434844621,Caucasian
1,1,0.9963235958621985,5.602136962256687,African-American
1,1,0.9999015408448837,9.225770300652616,African-American
1,1,0.9941035834123912,5.127496601528952,African-American
0,0,5.076833429938567e-06,-12.190817754448341,African-American
0,0,3.630433793325279e-08,-17.131328564217633,African-American
0,0,0.022323221585871432,-3.7795516596088774,Hispanic
0,0,3.725468748993345e-07,-14.80290259584094,African-American
0,0,2.834245115365574e-07,-15.076319739050723,African-American
0,0,1.9216429850753642e-06,-13.16232809480715,Caucasian
0,0,0.0001523214775404618,-8.789364953649255,African-American
1,1,0.7074691708268616,0.883123993764597,African-American
0,0,3.1684307375719266e-07,-14.964858904262785,Other
0,0,1.2937178142741787e-06,-13.557989164379247,African-American
1,1,0.9928036379824405,4.9269572752611115,Hispanic
1,1,0.9998157079905347,8.598804741364496,Hispanic
1,1,0.9835016704555478,4.08786020025687,Hispanic
0,0,3.070100067856389e-06,-12.693797331398645,Caucasian
0,0,3.063523593593085e-08,-17.3011149586476,African-American
1,1,0.982907834226782,4.051895139451072,African-American
1,1,0.9925707595617026,4.894874679816129,African-American
1,1,0.8660749920750774,1.8666914998015194,Other
0,0,2.414862264908822e-06,-12.933865890785059,African-American
1,1,0.8689993111367889,1.8921397508720041,African-American
1,1,0.9740586834854075,3.62563462191483,Hispanic
0,0,3.642793391078098e-07,-14.825344484211348,African-American
1,1,0.9997111878831819,8.149445342253369,African-American
0,0,3.5838543017100434e-06,-12.539068132241852,Caucasian
1,1,0.9932813726630116,4.996130111722562,African-American
0,0,7.144556572399809e-08,-16.4543299242965,African-American
0,0,8.559672214514114e-07,-13.971032898267215,Caucasian
0,0,0.42028429268906575,-0.3216064539167304,African-American
0,0,0.0016003758799489761,-6.435915094509475,Caucasian
0,0,2.782774399114034e-07,-15.094646957341725,African-American
0,0,3.6257702843298167e-06,-12.52744017422514,African-American
0,0,5.512335803777573e-08,-16.713692234662457,African-American
0,0,3.925822289324338e-07,-14.750519428619,Caucasian
1,1,0.999929977312053,9.566621229760422,Hispanic
1,1,0.9598604242829687,3.174425109286237,African-American
1,1,0.9736399064616368,3.609190271268581,Caucasian
1,1,0.99584634288891,5.4796037937012345,Caucasian
0,0,2.5423399896148368e-08,-17.487595805840282,Caucasian
1,1,0.705753874953942,0.8748499805298028,Caucasian
0,0,4.225020817209387e-08,-16.979656513755007,Caucasian
0,0,1.112073192873624e-07,-16.011869525159188,Caucasian
1,1,0.9998375347553351,8.724883979611512,African-American
0,0,0.00039106216500714783,-7.846252882178587,Caucasian
0,0,3.0154833040426848e-05,-10.4091351925017,African-American
1,1,0.9985550614834263,6.538242523960012,African-American
1,1,0.9999204742450383,9.43935009806822,Caucasian
0,0,1.2963529704952166e-06,-13.555954346984764,Caucasian
1,1,0.9587752709495266,3.1466184145930742,African-American
0,0,1.9991364251790326e-06,-13.122793258923416,African-American
1,1,0.9999617362400229,10.170969059927403,Caucasian
0,0,0.00022219761638680722,-8.411721185842449,Caucasian
0,0,6.030385235415618e-08,-16.62386978847982,Caucasian
1,0,0.09321845673129071,-2.2749558290474807,African-American
1,1,0.9962633537138426,5.585823139787425,Other
0,0,3.980540004386582e-07,-14.736677763317408,Caucasian
0,0,1.1959442202861957e-06,-13.636573346135203,Caucasian
0,0,1.928396282732441e-06,-13.158819913662073,African-American
0,0,0.0003541034977662805,-7.945567154782649,African-American
1,1,0.9964115752473226,5.6264470817396015,Hispanic
0,0,4.948314211540436e-06,-12.216458654387244,African-American
0,0,0.006445178615637339,-5.037956890686633,Caucasian
0,0,1.7469147316209178e-08,-17.862829504982162,African-American
0,0,1.0398496065970313e-06,-13.776433424459057,Caucasian
1,1,0.9997273407413493,8.20701498272441,Caucasian
1,1,0.9996862940976027,8.066740872406049,Caucasian
0,0,0.00013358274988027025,-8.92065583118793,Caucasian
1,1,0.9881408297448762,4.42272379832074,African-American
1,1,0.9998533530840892,8.827336135362911,Other
1,1,0.9977612219665852,6.099583794919179,African-American
1,1,0.996099469816941,5.542734633621999,African-American
1,1,0.9882615740339016,4.433079682780738,African-American
1,1,0.9996658618020249,8.003621690138125,Caucasian
1,1,0.9999828072348886,10.971004702783187,African-American
1,1,0.9982507648305851,6.3468258657600645,African-American
1,1,0.9931871026464795,4.982101582483034,African-American
1,1,0.9998862811978091,9.081668078936014,Caucasian
0,0,3.6751791643873e-07,-14.816493399749655,African-American
0,0,0.007417243937261871,-4.8965028393559535,African-American
0,0,1.2099421355492622e-06,-13.624936811416372,Hispanic
0,0,2.6210541096552847e-06,-12.851931368118015,Caucasian
0,0,8.930760941465277e-07,-13.928593154813518,Caucasian
0,0,4.9316882843496594e-06,-12.219824245645711,Caucasian
0,0,3.897765644529104e-07,-14.757691783881876,African-American
0,0,1.5050904216287575e-06,-13.40665607566021,African-American
1,1,0.991878660169121,4.805105637060675,African-American
1,1,0.9988880175586125,6.800498272244953,Hispanic
0,0,2.0675760834244267e-07,-15.391718497240465,Caucasian
0,0,8.928725393723001e-07,-13.928821106450041,Caucasian
1,1,0.9999716204017645,10.469811662937014,African-American
1,1,0.9997427273269457,8.265116745095003,African-American
0,0,1.2906864800728267e-06,-13.560335035352475,Caucasian
1,1,0.9997411609594004,8.259045281775098,Hispanic
0,0,2.2544713106128106e-06,-13.002592810080364,African-American
0,0,3.5114953944640567e-07,-14.862053314750648,African-American
1,1,0.6874476165548039,0.7882135503824611,African-American
0,0,9.804831257384603e-07,-13.835219420828182,African-American
0,0,3.105200533921257e-08,-17.287602415406745,African-American
0,0,7.942833104788496e-07,-14.045824830853599,Caucasian
0,0,7.450214249719057e-07,-14.109852115607112,Caucasian
0,0,7.7471224058722e-08,-16.373359194533815,Caucasian
0,0,5.328986568873619e-05,-9.839711090757124,African-American
0,0,3.2624821495687225e-06,-12.633018994239519,African-American
0,0,0.0028831989839029184,-5.84596747956163,Caucasian
1,1,0.9686905264827234,3.432024466730254,Caucasian
0,0,6.270856597817879e-07,-14.282182060087337,Other
1,1,0.9979961193582628,6.210663766447868,Caucasian
0,0,1.7684488905972995e-07,-15.54799264472779,Hispanic
0,0,2.5573809270785885e-08,-17.481697058945826,African-American
1,0,0.3708683074780189,-0.5284935696400281,African-American
0,0,6.769322984423461e-08,-16.50827959663633,Caucasian
1,1,0.9998331372419055,8.698172014552688,African-American
1,1,0.9985738667304717,6.551361353299147,Caucasian
0,0,3.2618375078250656e-06,-12.633216606828276,African-American
1,1,0.9995563257990323,7.719976273832351,African-American
0,0,7.498444949542723e-08,-16.40598500998454,Caucasian
0,0,4.6355772631544015e-08,-16.886919961963898,African-American
1,1,0.9999004421940155,9.214672555064096,African-American
1,1,0.9995008195768811,7.60204365313148,Hispanic
1,1,0.9999423869600357,9.761704012915255,Caucasian
0,0,2.486144676179308e-06,-12.904774884049928,African-American
0,0,7.419547592706835e-08,-16.416562585769736,African-American
0,0,5.024024870940186e-08,-16.80644931413248,Other
0,0,2.6385465667379936e-08,-17.45045249491534,Hispanic
1,1,0.9486532529338347,2.916441764223286,Other
0,0,9.515115075138037e-05,-9.259948714540824,African-American
0,0,0.009194521143062805,-4.679910448600524,Caucasian
1,1,0.843129207519133,1.681697728648225,African-American
0,0,0.010628017075050981,-4.533576746648629,African-American
0,0,6.081397879170602e-08,-16.61544609924929,African-American
0,0,9.159434097108481e-07,-13.903310338028552,African-American
1,1,0.9994403258292975,7.487595950753078,African-American
1,1,0.9861353570020096,4.264451693783202,Hispanic
0,0,9.041237428954701e-08,-16.2188846047697,Caucasian
1,1,0.9999339293608297,9.624720025009285,African-American
1,1,0.9999815575177713,10.900835295141448,Caucasian
0,0,0.0023775273823242802,-6.039313888146483,Caucasian
0,0,6.974750891955523e-07,-14.175798340828312,Caucasian
0,0,2.3006883764104524e-07,-15.284887048642393,African-American
1,1,0.993224068189919,4.987579392462744,African-American
1,1,0.9977798932312094,6.107977415345168,Caucasian
1,1,0.9997609015224135,8.338395923720835,African-American
1,1,0.999784292416682,8.441371117552968,Caucasian
0,0,9.66803359730218e-06,-11.546675951945083,Caucasian
0,0,0.005703641340615028,-5.160930507202829,Caucasian
1,1,0.9314798553981711,2.609646780013099,African-American
0,0,0.0007602429236193917,-7.181112007360585,African-American
1,1,0.9997038568227137,8.124371326504031,Caucasian
0,0,2.1897832756094527e-06,-13.031705790156071,African-American
1,1,0.9938609370079999,5.086925171115601,African-American
1,1,0.9996060630909607,7.838925776307653,Caucasian
1,1,0.9994246586765789,7.459971580435798,African-American
0,0,7.221598743158822e-08,-16.44360431077374,African-American
1,1,0.9999760687447911,10.640301272516496,Caucasian
0,0,9.269520436493096e-07,-13.891363078614914,African-American
1,1,0.8219451575917824,1.529582068317319,Hispanic
1,1,0.9970083683972861,5.808940238408409,Hispanic
0,0,5.502843690441532e-09,-19.018000838195757,Caucasian
0,0,1.756020883548804e-06,-13.25245841411809,African-American
0,0,9.523775617750094e-09,-18.4694744587406,African-American
1,1,0.9985216892500272,6.5153758237063,African-American
1,1,0.9272556569467357,2.545278172819233,African-American
1,1,0.9999283928846169,9.5442445023967,African-American
1,1,0.999953702149337,9.98036872099234,Caucasian
0,0,1.189850329852474e-07,-15.944268005993173,Caucasian
1,1,0.9997891722879064,8.464258438453523,African-American
1,1,0.9996501559763998,7.95767324443426,Other
1,1,0.9803438879717822,3.9095150815612114,African-American
1,1,0.9988113552889392,6.733752167454886,African-American
0,0,1.280924840717195e-07,-15.870513174024437,African-American
0,0,2.2679322147670913e-06,-12.996639792279458,African-American
1,1,0.9843384955714171,4.140764083277559,African-American
1,1,0.999827318181177,8.663887157691738,African-American
0,0,0.001230640905993007,-6.698988784754085,Caucasian
1,1,0.9993849166099661,7.393137433167231,African-American
0,0,1.1103886868154382e-08,-18.31597061051665,Caucasian
1,1,0.9830629163965516,4.061167608532084,Caucasian
0,0,3.2604912370093054e-07,-14.936217454683378,Caucasian
0,0,3.1777473249956355e-08,-17.264508154774553,African-American
1,1,0.9960773460381422,5.537056455427898,African-American
0,0,3.7207977729529106e-07,-14.804157178490756,Hispanic
1,1,0.9999250296852615,9.498343353140818,African-American
0,0,0.0031328954133484034,-5.76265983663503,African-American
1,1,0.9975378973490936,6.004274419366079,Caucasian
0,0,1.9773803948422363e-06,-13.133735644764199,African-American
1,1,0.9990994990388163,7.011658419304239,African-American
0,0,3.514228073611794e-07,-14.86127540760474,African-American
0,0,1.504363850299073e-07,-15.709725382511216,African-American
0,1,0.6647653271667232,0.6846032843978473,African-American
0,0,1.4503310793762044e-07,-15.746303644951904,Caucasian
1,1,0.9901650195614263,4.6119261527851165,Caucasian
1,1,0.9994767881941868,7.5550008447193875,African-American
0,0,2.104925187267935e-06,-13.071228527024397,Caucasian
1,1,0.799389805300063,1.3824849979832123,African-American
1,1,0.9998196035903048,8.620173439761746,African-American
1,1,0.9997884174968147,8.460683944669201,African-American
0,0,4.889643551935135e-07,-14.530975754428706,Caucasian
0,0,8.516872957504813e-05,-9.370791042909115,African-American
1,1,0.9995113198605303,7.623313594445103,African-American
1,1,0.9384342147402572,2.724106475261509,African-American
0,0,1.9800735523025918e-07,-15.434961461306886,Caucasian
1,1,0.9986831510127185,6.631195810175641,African-American
0,0,1.4931397771820019e-06,-13.414627928959348,Caucasian
1,1,0.9998730039286463,8.971227402071023,Hispanic
1,1,0.9997272043576769,8.206514773153746,African-American
0,0,2.8747983973008417e-08,-17.364698166091745,African-American
1,1,0.9997865104968324,8.451709379700416,African-American
1,1,0.9913489917181673,4.741390754980067,African-American
1,1,0.9995239628479997,7.6495385058642045,Other
0,0,0.0008048723494765357,-7.124021668765295,Caucasian
0,0,2.309984297136383e-08,-17.583439994118383,African-American
0,0,6.344960203170718e-07,-14.270434187471333,Other
1,1,0.9999382260493223,9.691967016571038,African-American
0,0,1.9895768115325124e-08,-17.732758765456364,African-American
1,1,0.999940274287168,9.725688202091133,African-American
1,1,0.9987933459015195,6.718696574798977,Caucasian
1,1,0.9998381236337022,8.728515795626482,Hispanic
0,0,3.7748970116891374e-08,-17.09230760554631,African-American
1,1,0.9999316304701016,9.590514930040914,Caucasian
1,1,0.9997694065948602,8.374623929242482,African-American
0,0,1.9734187988670537e-06,-13.135741115016902,African-American
1,1,0.9055696568358592,2.260701747416588,African-American
0,0,3.2349912644934183e-07,-14.944069099821077,African-American
1,1,0.9983797075869051,6.423527037609397,Caucasian
1,1,0.9999079058791275,9.292607352553283,African-American
1,1,0.9999713136902217,10.459061873494003,Other
0,0,8.062707516248276e-08,-16.333431243085226,Caucasian
1,1,0.9967254725954763,5.71830182386802,African-American
1,1,0.9936945498850774,5.060015508530964,Other
0,0,1.8503269255559046e-06,-13.200146367641223,African-American
0,0,0.011223842092961796,-4.47842770025799,African-American
1,1,0.9984541702908409,6.470647458462121,African-American
0,0,0.0008605817057762584,-7.057041043089279,Other
1,1,0.9999707161851783,10.438446305487853,African-American
1,1,0.9986733677660885,6.62378419003929,Caucasian
0,0,1.3169762157996284e-07,-15.842757156040273,Caucasian
0,0,3.826714699800961e-08,-17.07867405132789,Hispanic
1,1,0.9914197704996066,4.749677365948709,Caucasian
1,1,0.999742962439394,8.266031262929552,African-American
0,0,8.277958720804252e-07,-14.004498416462608,African-American
1,1,0.9991964304142097,7.125642880567427,Hispanic
0,0,1.0550115765655971e-08,-18.367128993486464,Caucasian
0,0,0.005466424321091919,-5.203649145418751,African-American
1,1,0.9999827510105647,10.967739750523524,Caucasian
1,1,0.9999187341638802,9.417703580518166,Hispanic
1,1,0.8802177774966227,1.994494069740555,Other
0,0,3.0147326535143623e-06,-12.711996389114073,Other
0,0,2.5229151667463695e-08,-17.495265673590602,African-American
1,1,0.9999908916985645,11.606315206279866,African-American
1,1,0.9974496048980269,5.968953336963985,African-American
1,1,0.9999745418031151,10.578447330309414,Caucasian
0,0,5.583031594931089e-08,-16.70094876267835,African-American
0,0,1.871955654046164e-08,-17.793697036535903,African-American
1,1,0.999481480621318,7.564014502629584,Caucasian
0,0,5.126872496299945e-07,-14.483599314844357,Caucasian
1,1,0.9989283887139315,6.83751970249852,Caucasian
0,0,3.359928792543608e-05,-10.300972084062645,Caucasian
1,1,0.984100057760094,4.125412100088984,African-American
0,0,2.4361460876681594e-07,-15.227678088987052,Caucasian
0,0,2.0136790987399753e-08,-17.72071727749745,Other
0,0,5.877593390553529e-07,-14.346947672390018,Caucasian
1,1,0.9993856656109708,7.394356647352786,Hispanic
1,1,0.9999875200690552,11.291376248300683,African-American
1,1,0.9856066361868989,4.226490071853531,Caucasian
0,0,1.057122305725816e-06,-13.759959090405202,Hispanic
1,1,0.9996246574315113,7.887296019998626,African-American
0,0,0.004401287831285081,-5.4214470899422205,African-American
1,1,0.9999171101908149,9.397915539143868,African-American
0,0,1.953624752515879e-07,-15.448408961095053,Other
0,0,1.1564620174126265e-07,-15.972730175866259,Caucasian
0,0,1.123536991556017e-06,-13.699027697041926,African-American
0,0,1.9596561268033355e-07,-15.445326442651128,Other
1,1,0.9999590749932851,10.103728344783965,Caucasian
0,0,1.1947697498250343e-08,-18.24272724315666,Caucasian
1,1,0.9925467964050467,4.891630208772202,African-American
0,0,4.447552498426352e-06,-12.323152165883041,Caucasian
0,0,9.50252173941799e-08,-16.169123439290747,African-American
1,1,0.9947076191517137,5.236180633417833,African-American
1,1,0.9996030337870354,7.831262341756532,African-American
1,1,0.9852127177359203,4.199090070075509,African-American
1,1,0.9997453163031179,8.275233470993818,African-American
1,1,0.9697207741601068,3.466546306838502,African-American
1,1,0.9885675311209711,4.459799502643803,African-American
0,0,4.283756124086339e-07,-14.66326499876824,Caucasian
0,0,7.019642223700984e-07,-14.169382697539666,Hispanic
1,1,0.9995599762580513,7.728241752952496,African-American
1,1,0.9997350674530748,8.235770336636108,African-American
0,0,5.303939503787012e-08,-16.752230843866133,Caucasian
1,1,0.9995076232094205,7.615773802014663,Caucasian
0,0,8.927342375532116e-08,-16.23156191040747,Caucasian
0,0,1.3374537287645988e-08,-18.129913126704423,African-American
1,1,0.9999573905534829,10.063391969688997,African-American
0,0,8.464663623104056e-08,-16.284780381887135,African-American
0,0,3.852116468914717e-08,-17.07205797599325,Other
0,0,9.183559733768896e-07,-13.90067983257004,Caucasian
0,0,7.57425639986263e-08,-16.395925486667505,African-American
1,1,0.973692240450854,3.6112313432560037,African-American
1,1,0.9995583724230817,7.724601892096307,African-American
0,0,9.844770387388347e-06,-11.528560324090325,Caucasian
1,1,0.9997106496683044,8.147582991396046,African-American
1,1,0.9999960167501928,12.433408554116811,African-American
0,0,4.403872515858589e-09,-19.240781561453815,Other
0,0,0.000982908672453576,-6.924010957054104,African-American
0,0,0.0027582754366567938,-5.890387549851169,Caucasian
1,1,0.9999513667206251,9.931153866137587,Other
1,1,0.9953352802328487,5.363051884312004,Hispanic
0,0,4.0116531910487436e-06,-12.426303122848838,Caucasian
1,1,0.9991277785832613,7.043594645985582,African-American
0,0,7.511686244006924e-07,-14.101634926060452,African-American
0,0,0.0015155490484348479,-6.490460798812413,Hispanic
0,0,3.337837052186857e-06,-12.610184212075088,Hispanic
0,0,1.8408116737734012e-07,-15.507888865473413,African-American
0,0,3.016408231636777e-05,-10.408828504129728,African-American
1,1,0.9574141702737519,3.1127145152303957,Caucasian
0,0,1.7454018966444234e-07,-15.561110634018473,African-American
0,0,3.3806606800647333e-07,-14.900024155023772,African-American
1,1,0.9932332904799882,4.988950641111178,African-American
1,1,0.9992279935840173,7.165745392549167,Caucasian
0,0,4.290469793135107e-08,-16.9642844652141,Caucasian
0,0,2.03368087560732e-07,-15.4082480572548,African-American
0,0,1.2261041717998983e-06,-13.6116675291133,Caucasian
1,1,0.9997812806522456,8.42750242382584,Caucasian
1,1,0.9999494564021205,9.892623724911644,African-American
1,1,0.8077690589962299,1.4355787326433,Other
1,1,0.9930530673469516,4.962483886783988,African-American
0,0,5.6936179848401986e-08,-16.681334791236424,Caucasian
0,0,2.9011376590024187e-08,-17.35557775866887,Caucasian
1,1,0.9645303549319844,3.302964041850281,African-American
0,0,1.029302771628706e-06,-13.786627876382553,Caucasian
0,0,2.607160455683169e-08,-17.462419036805304,Caucasian
1,1,0.9782100497747265,3.804275557133046,African-American
0,0,1.58050174088066e-07,-15.66035313876057,Other
1,1,0.9998994603377422,9.204857714271062,African-American
0,0,0.03399522830959849,-3.3469486029067097,Caucasian
1,1,0.9997859981627878,8.449311933136627,Caucasian
1,1,0.9979355402224159,6.180820102000724,Caucasian
1,1,0.9988363603648405,6.755038252204237,African-American
1,1,0.9985664407277812,6.54616033779137,Caucasian
0,0,9.600234919123264e-07,-13.856307122017974,African-American
1,1,0.985589727326224,4.225298837592754,Asian
0,0,2.6730262788046186e-07,-15.134884115344574,Caucasian
0,0,1.164103861337188e-07,-15.966143961266347,Caucasian
0,0,1.1784283224826e-08,-18.256499111597314,African-American
0,0,9.791407651611962e-08,-16.13917541519328,Other
0,0,1.1691884411975347e-06,-13.659199520647121,African-American
0,0,0.0007787681967739502,-7.157018049897436,African-American
0,0,4.3416809531081595e-06,-12.347244626764843,Hispanic
1,1,0.9998755770709878,8.991699647155276,African-American
0,0,8.883613442221603e-08,-16.2364722617122,Caucasian
1,1,0.9999866790991563,11.226162943239698,African-American
0,0,5.365846836454203e-06,-12.135450983843876,African-American
0,0,1.440699013628882e-06,-13.450380695326295,African-American
1,1,0.999762755295566,8.3461811684874,Other
0,0,1.710190312574077e-08,-17.88407606862563,Caucasian
0,0,2.1895146672276774e-08,-17.637000815926676,Caucasian
1,1,0.999759454975998,8.332362701993155,African-American
1,1,0.8724580907162705,1.9228696085069903,African-American
0,0,1.1601220039390004e-06,-13.666984222444428,Caucasian
1,1,0.9998750536267226,8.9875009723156,African-American
1,1,0.9994596641406565,7.522779168103326,Caucasian
1,1,0.9772227650464153,3.75895306509982,Hispanic
0,0,1.9845927032034582e-08,-17.735267018324123,African-American
1,1,0.9986364884797008,6.596327464701987,Hispanic
0,0,1.89584111397553e-07,-15.478432861698648,Caucasian
0,0,0.0013152814425450889,-6.632388464318927,Caucasian
1,1,0.9998871314099762,9.089173461151496,African-American
1,1,0.9914501058009183,4.75324971626243,African-American
0,0,2.1917410073423943e-06,-13.030812157700455,Other
0,0,6.042937189646273e-08,-16.62179050010024,African-American
1,1,0.9983458970154827,6.402840947879511,African-American
0,0,6.003174715025104e-07,-14.325806602175952,Hispanic
0,0,3.3847443752629883e-07,-14.898816925880146,African-American
1,1,0.9886430879741953,4.466506837137946,Caucasian
0,0,6.930436607381011e-07,-14.1821721441891,Caucasian
0,1,0.8484947319775562,1.7228434792548897,African-American
0,0,0.1891405207575411,-1.4556045357227025,African-American
0,0,4.696014292657626e-08,-16.87396657088979,Hispanic
1,1,0.9605534018141233,3.1925617660515258,African-American
1,1,0.9828095011025277,4.046058466467611,Hispanic
1,1,0.9999272111452867,9.527874917575517,Caucasian
0,0,7.64169552079378e-07,-14.084475381426689,Caucasian
0,0,4.6311597231154955e-07,-14.58528787095448,Hispanic
0,0,1.4829740729092907e-07,-15.724045922524224,Caucasian
1,1,0.9999832452058847,10.99680936986966,African-American
0,0,7.584820871832286e-06,-11.789353976699495,Caucasian
0,0,8.220199768665036e-07,-14.01150031740792,African-American
0,0,6.646531766749004e-09,-18.829170650515536,African-American
0,0,9.713272291779111e-08,-16.14718741904595,Caucasian
1,1,0.9998985049129729,9.195398664090218,Caucasian
1,1,0.999372103571195,7.372507233743947,African-American
1,1,0.9998837890642118,9.059987388511587,Hispanic
0,0,1.0921161223385504e-07,-16.029978330939727,African-American
0,0,3.099975628270991e-07,-14.98670109134858,African-American
0,0,2.1040037883436385e-07,-15.374253345140522,Caucasian
0,0,3.626420461360347e-07,-14.829849225353533,African-American
0,0,1.263826553203296e-06,-13.581365228394873,Caucasian
0,0,2.801740636512067e-08,-17.390439836004617,Hispanic
0,0,8.25981700448757e-08,-16.30927822848711,African-American
1,1,0.9999922407547955,11.766617736690616,Caucasian
1,1,0.9997325607142025,8.226350511316696,Caucasian
0,0,1.9567703237967066e-08,-17.749385404229233,Caucasian
1,1,0.9999851127913186,11.1149933041569,Caucasian
1,1,0.9955731539445575,5.415631226297821,African-American
1,1,0.8936283171028858,2.128350532741595,Caucasian
1,1,0.9789062975103807,3.8374613897723973,Hispanic
0,0,4.6830836586338475e-07,-14.574138388283032,African-American
1,1,0.9935277749091834,5.033742059902566,African-American
0,0,3.085168390889959e-07,-14.991489102816846,African-American
1,1,0.9877056078822707,4.386241452591238,African-American
0,0,5.972083416316562e-07,-14.330999206267432,African-American
1,1,0.9999696469874574,10.402584431858251,Caucasian
1,1,0.9998792696423503,9.02183021058527,African-American
1,1,0.9993443700216473,7.329258140551952,Caucasian
1,1,0.9998487429812586,8.796378788768855,Hispanic
1,1,0.9994872736682923,7.575255463773216,Other
1,1,0.995817728058307,5.472709611279486,African-American
1,1,0.9893155924100819,4.528227939176507,African-American
0,0,1.6978432452448083e-07,-15.588736714834427,African-American
1,1,0.9999324292657957,9.602268021609992,African-American
0,0,3.398862986530501e-07,-14.89465435110558,African-American
1,1,0.9990578061304857,6.9663568602714765,African-American
1,1,0.9752273979231252,3.6729323849287514,Caucasian
0,0,1.004397031703693e-06,-13.81112216056283,African-American
1,1,0.9996685651962736,8.01174794844864,Caucasian
0,0,5.5328957123777495e-08,-16.709969373181153,Caucasian
0,0,3.0201295912463463e-07,-15.012795607470464,Caucasian
1,1,0.9999605658916446,10.140839986972564,African-American
1,1,0.9938594913582228,5.086688260474017,Caucasian
0,0,1.5795278871937405e-07,-15.660969496191505,African-American
1,1,0.9979551163494068,6.190367408401584,African-American
0,0,2.654132309004179e-08,-17.444562930066848,African-American
1,1,0.9995938925665717,7.808486629093986,Caucasian
0,0,4.7632369362593995e-07,-14.557167708879955,Hispanic
0,0,0.0051015005176887574,-5.2731060057736485,African-American
1,1,0.9992333099236388,7.172660926663613,African-American
0,0,0.4789262535404386,-0.08434495329121965,African-American
0,0,3.9399328697237366e-07,-14.746931571941447,African-American
1,1,0.999681945017012,8.05296818207888,African-American
1,1,0.9988759767495521,6.789716186834342,Other
0,0,0.1747986775026733,-1.5519924864157224,African-American
1,1,0.9999168756927814,9.395090265473396,Hispanic
1,1,0.9081526009986755,2.2912839338892383,Hispanic
1,1,0.9879315570239608,4.405019393792416,African-American
1,1,0.9899997803925655,4.595097667806561,Hispanic
1,1,0.9958288302088597,5.475378863671324,African-American
0,0,1.3404168964982746e-07,-15.825114834550837,African-American
0,0,4.515621940837599e-08,-16.913137771505184,Hispanic
1,1,0.9998664613135879,8.92098578864199,African-American
0,0,2.5994094539433892e-06,-12.86022367242133,Caucasian
1,1,0.9982640880205259,6.354484946676735,Hispanic
1,1,0.9979605608272468,6.1930389025785155,African-American
0,0,6.025820837729817e-07,-14.32204133965162,Hispanic
0,0,1.869383456938612e-07,-15.492486789689037,African-American
0,0,2.6045766774047336e-08,-17.463410559781796,African-American
0,0,1.3971553899371335e-07,-15.78365720598894,African-American
0,0,5.273472898713171e-06,-12.15281614490222,African-American
0,0,2.3007189905972987e-08,-17.58745904225319,African-American
1,1,0.9998904151041534,9.118701413665525,African-American
0,0,4.2583078631082514e-06,-12.366634433509738,Caucasian
0,0,0.00011061009437796965,-9.109388587588466,Caucasian
1,1,0.9999651424086191,10.264204756125759,African-American
1,1,0.9559240023086696,3.0767630501522043,African-American
1,1,0.9999563313340705,10.038836070214149,African-American
1,1,0.9844717827373703,4.149446398714899,Caucasian
1,1,0.9747812539672025,3.6546254827625004,African-American
0,0,0.002324994375394413,-6.0617099577594775,African-American
0,0,3.7855298806289934e-08,-17.089494834123858,Hispanic
1,1,0.9998210799378285,8.628392495847512,African-American
1,1,0.9976178817773869,6.037380217640992,Caucasian
1,1,0.995164791460149,5.3269840837247955,African-American
1,1,0.9631189252642066,3.2624783590464808,African-American
1,1,0.9901707970866797,4.612519606836323,African-American
0,0,8.199611547950406e-08,-16.316593881009307,Caucasian
1,1,0.9891142984411352,4.50935975014952,African-American
0,0,2.7812097452406593e-08,-17.397794722933934,Caucasian
0,0,1.363473943801133e-05,-11.202876016807073,Caucasian
0,0,6.93922297747517e-07,-14.180905151685213,Caucasian
0,0,1.025221072387213e-07,-16.093187278723736,Other
1,1,0.9998751450353751,8.988232914552672,Caucasian
1,1,0.9709914644386849,3.510727561386791,Caucasian
1,1,0.9999652887002783,10.26841057172504,African-American
1,1,0.9991194821841488,7.03411949074437,African-American
0,1,0.5467191804743273,0.18742344530927685,Caucasian
0,0,2.734701651328793e-06,-12.809485478772558,African-American
1,1,0.8784408605197289,1.9777476976060844,Other
0,0,8.366565707183843e-07,-13.993851323775033,Other
0,0,4.2335184602389466e-07,-14.675061793001005,Caucasian
1,1,0.9999556424159853,10.023182501547463,Caucasian
1,1,0.9975780382938735,6.020752545424416,Hispanic
0,1,0.8411381038893163,1.666720613522995,Caucasian
0,0,4.743065394497542e-08,-16.863997062140132,Caucasian
0,0,2.2578373699913567e-08,-17.606273282159165,African-American
0,0,1.000948373560868e-06,-13.814561632876613,African-American
0,0,0.0019512997309310265,-6.23730639375904,African-American
1,1,0.9999609755655187,10.1512835576611,African-American
0,0,1.1256493868108195e-07,-15.999735436550987,African-American
1,1,0.9998747059894911,8.984722196550456,African-American
0,0,1.0234041103741825e-07,-16.094961114846473,Caucasian
0,0,7.625039807453826e-08,-16.389243124572435,African-American
0,0,5.775600437565761e-07,-14.364452850522094,Caucasian
1,1,0.9980958017684307,6.2617882212913685,Other
0,0,1.1209911304820908e-07,-16.00388230694848,African-American
0,0,5.823970935113585e-08,-16.65869836536754,Native American
1,1,0.9957241954183137,5.450498016084158,African-American
1,1,0.9994419326273928,7.490472640281761,African-American
0,0,0.003582175884491375,-5.628196266994413,Other
0,0,1.3270592313905806e-06,-13.532543840988374,African-American
1,1,0.9998058799334991,8.546839551940938,Caucasian
0,0,4.204929031050708e-07,-14.681837814459723,Caucasian
1,1,0.9965939706277938,5.678796230017726,African-American
1,1,0.9999776600228428,10.709110446605063,Hispanic
1,1,0.9954413951891096,5.386169637860525,African-American
0,0,5.134836162072023e-07,-14.482047200723407,Caucasian
0,0,1.5979819984944304e-07,-15.649353908901734,African-American
0,0,3.115458529833599e-06,-12.679131100505783,Caucasian
1,1,0.9995668206231052,7.743925377173841,Caucasian
0,0,2.8027603657045614e-06,-12.784902978750273,African-American
0,0,7.717852943396725e-07,-14.07455866995783,African-American
1,1,0.9958398271997595,5.478029816657987,African-American
1,1,0.9999808269357925,10.861984996535062,Caucasian
0,0,2.3640680491397715e-07,-15.257711529829812,African-American
1,1,0.9998549597021714,8.83835388727885,African-American
1,1,0.9950428921767731,5.301963373432875,Caucasian
0,0,4.0237285840858997e-08,-17.028471722475274,Caucasian
0,0,5.012076294736416e-08,-16.80883043450015,Hispanic
0,0,4.4908819173412205e-06,-12.313456966489538,African-American
0,0,1.0962954604657856e-06,-13.723572728755784,African-American
0,0,1.2992041026321102e-06,-13.553757410524913,African-American
1,1,0.912875154233581,2.349257030071118,African-American
0,0,6.308039080414199e-07,-14.276270155699404,Caucasian
0,0,1.3003746982174402e-05,-11.250260008803288,Other
1,1,0.9999741779160418,10.564254642379092,Caucasian
0,0,2.3563769678167646e-06,-12.958382945276544,Other
0,0,1.1875609744962687e-06,-13.643607767849918,African-American
0,0,2.787524592867901e-06,-12.79035381113497,African-American
1,1,0.9970373306577092,5.818697545465256,African-American
0,0,3.7593028799902778e-06,-12.491273262699924,Hispanic
0,0,0.00021890517567380502,-8.42665298056599,Caucasian
0,0,1.1360894684274448e-07,-15.990503462733084,African-American
1,1,0.9807706625688744,3.931901548950678,African-American
1,1,0.9999330863802648,9.612041112205906,African-American
0,0,1.594399089749323e-06,-13.349012044552468,Caucasian
0,0,2.5412346776572327e-07,-15.18544534034374,Hispanic
0,0,3.287937337581544e-08,-17.230420291973818,African-American
0,0,1.137755606900395e-06,-13.686451864245434,African-American
0,0,4.1670638717244373e-07,-14.690883553941376,Other
1,1,0.9998952134293416,9.163480144799875,Hispanic
0,0,4.7575537967521344e-06,-12.255772172497283,Caucasian
0,0,2.1475166533453597e-08,-17.656368592871804,Hispanic
1,1,0.9978827750188682,6.155529549443007,African-American
0,0,5.2145213235066826e-06,-12.164058047587,Caucasian
0,0,1.332979485748143e-06,-13.528092573442025,Caucasian
0,0,3.6918367865832607e-08,-17.114556598688207,African-American
0,0,1.8059923636678872e-08,-17.829570499218942,African-American
0,0,2.0329954342439528e-07,-15.40858515883703,African-American
1,1,0.990388324602285,4.635118566513756,African-American
0,0,1.408919109274999e-07,-15.775272688822715,Hispanic
0,0,1.1116002774027016e-06,-13.70970877792457,African-American
0,0,2.2617841087019816e-06,-12.999354365699105,African-American
0,0,0.0003033791062564558,-8.100223933624145,Caucasian
0,0,3.107383475998113e-07,-14.984314294187792,African-American
0,0,0.0016879702824412822,-6.382539091642702,Hispanic
0,0,8.687167901664372e-08,-16.258833674066995,African-American
1,1,0.9979677022367396,6.196553857281212,Caucasian
1,1,0.9984136853542658,6.444754211779136,African-American
1,1,0.9979519814757168,6.188832408203631,Caucasian
1,1,0.9998186809428533,8.615070996348758,Caucasian
1,1,0.9996482799063278,7.952323105165658,African-American
0,0,6.785463359484364e-07,-14.2033123897125,African-American
1,1,0.9997683201300148,8.36992230323792,African-American
1,1,0.984454368089618,4.148307853585324,African-American
0,0,1.3596072752748063e-07,-15.810899625131471,Caucasian
0,0,4.275480108249233e-08,-16.967784299091477,Caucasian
1,1,0.9996901043020409,8.07896483157061,Caucasian
0,0,3.5484625591565743e-06,-12.548992581742883,Caucasian
1,1,0.9999253089254307,9.502075262778135,Caucasian
0,0,0.0053600351326535105,-5.223410297661937,African-American
0,0,3.9235633092895454e-08,-17.05368045633963,Caucasian
1,1,0.9998619417103533,8.887696505422968,African-American
0,0,1.5279094644350084e-06,-13.391608592088934,African-American
0,0,3.8795824127903326e-07,-14.76236774072637,African-American
1,1,0.6593479650493047,0.6603898840202056,African-American
0,0,3.175351572325619e-08,-17.265262354543328,Other
0,0,6.172009139290875e-07,-14.298070618490891,African-American
1,1,0.9953693730872606,5.370421636251894,Caucasian
0,0,5.9115656730523963e-08,-16.643769969205415,Hispanic
1,1,0.8745892538256714,1.9421600322470662,Other
0,1,0.9970751331656622,5.831577173440541,African-American
0,0,0.000831957433318519,-7.090896976626688,African-American
0,0,1.6498434915549552e-06,-13.314828478308877,Hispanic
0,0,7.757207414084313e-08,-16.372058266272695,Caucasian
0,0,1.4594972241304535e-06,-13.437417089087619,African-American
0,0,1.1878558552820382e-06,-13.643359490466496,African-American
0,0,5.71459229340526e-06,-12.072481888390291,Caucasian
0,0,2.026821694613983e-06,-13.109039632703128,Caucasian
0,1,0.6027365195009353,0.41688041243021484,Caucasian
1,1,0.9998075470583261,8.555466421495055,Caucasian
0,0,6.240412701908718e-07,-14.287048708596151,African-American
0,0,7.66373095906112e-08,-16.38418173176931,Caucasian
0,0,0.0014003771709606943,-6.5696123122001895,African-American
1,1,0.9995924696189871,7.804987459985365,African-American
0,0,6.21232219582976e-06,-11.988969574999182,Hispanic
0,0,7.931816027833447e-07,-14.047212841054819,Caucasian
0,0,1.3246609874863875e-06,-13.534352665102434,African-American
0,0,2.197302635712325e-08,-17.633450188535775,African-American
1,1,0.9996039026042516,7.833454252227571,Caucasian
0,0,2.591923977184222e-05,-10.560499097124683,African-American
1,1,0.9996420429359644,7.934739490471505,African-American
0,0,3.958971307554297e-06,-12.439522378284646,Caucasian
1,1,0.9968222879185682,5.7484110406515105,Caucasian
0,0,0.002458801108981889,-6.005619572981218,African-American
1,1,0.9989920001280456,6.898778728116818,Caucasian
0,0,1.8214535512979148e-07,-15.518460631919798,African-American
1,1,0.9970452553047481,5.821383910831165,African-American
1,1,0.9995274744876065,7.656946180816736,African-American
0,0,2.7079656357575444e-07,-15.121897715089718,African-American
1,1,0.976898476110655,3.74448414814651,African-American
0,0,0.009871986958366823,-4.608133094782875,Native American
1,1,0.9980570798921659,6.241618417351065,Other
0,0,9.295434232647494e-08,-16.191157314116722,Hispanic
0,0,0.00296459736433153,-5.818045051444244,Caucasian
1,1,0.9999676352845188,10.338409391707621,African-American
0,0,1.79238312060326e-08,-17.837134639347187,African-American
1,0,0.19006328839017228,-1.4495989973124044,Other
1,1,0.9331004651240578,2.6353208601286826,Caucasian
0,0,1.9879981249261187e-08,-17.733552559034564,African-American
1,1,0.9560003070705152,3.0785755792362544,African-American
1,1,0.8399304865101727,1.6577109540633612,African-American
0,0,1.32828215488477e-07,-15.834209023615875,Caucasian
0,0,2.479340700482885e-08,-17.512688040905015,Caucasian
0,0,1.1763704988300641e-06,-13.653075531708922,Other
0,0,0.06609082152943771,-2.6483493143057206,African-American
1,1,0.9897144354309775,4.566675038394257,African-American
0,0,0.0005236603185575423,-7.5541435333972675,African-American
0,0,6.238440703751318e-07,-14.287364763179072,Caucasian
0,0,1.3102246287238952e-07,-15.847896925114167,Caucasian
0,0,1.1182035052822274e-06,-13.703786055400377,African-American
0,0,6.202128142317586e-07,-14.293202548829745,Caucasian
0,0,1.0248678276473153e-07,-16.093531892832516,African-American
1,1,0.9992307987647736,7.169388441170107,African-American
0,0,2.4656044119378934e-08,-17.518243744316944,African-American
1,1,0.9985723298188863,6.550282717074874,African-American
1,1,0.9994465038986221,7.498702200084541,African-American
1,1,0.995913524011815,5.495977448464821,African-American
1,1,0.9999251375004418,9.49978260097279,Caucasian
1,1,0.9991513376013212,7.071000073862146,African-American
0,0,4.615595704511702e-07,-14.588654249706401,Caucasian
1,1,0.999548542239421,7.702577183320258,African-American
0,0,1.92691467052883e-07,-15.462175350806822,African-American
0,0,3.213397909253329e-07,-14.950766413625397,Other
1,1,0.999839761952397,8.738689799998717,African-American
0,0,5.231294464742753e-08,-16.766021936588544,African-American
0,0,3.74613395643222e-08,-17.09995634324939,Caucasian
0,0,3.356875275257445e-07,-14.90708475159503,Caucasian
1,1,0.9829366325398968,4.0536107429270585,African-American
0,0,9.683901141028583e-08,-16.15021581657492,Other
0,0,2.0705274552222755e-07,-15.390292059800524,African-American
0,0,5.31893348547039e-07,-14.446822308464547,Hispanic
0,0,4.769547092718036e-08,-16.858429344980312,African-American
1,1,0.9778918493897731,3.7894527340498287,Caucasian
1,1,0.9988391701673077,6.757458652493071,African-American
0,0,2.7831505316286133e-06,-12.791924204031242,Hispanic
0,0,1.1793100393244483e-06,-13.650579823623856,African-American
0,0,4.081449568231891e-06,-12.409054264858204,Caucasian
0,0,8.580879897179077e-06,-11.665965516687026,Other
1,1,0.9999896832868599,11.481735026049664,African-American
1,1,0.9993370455097227,7.318141037908279,Caucasian
0,0,4.919329992450503e-07,-14.524922818190614,African-American
0,0,5.631434273537637e-08,-16.692316522418196,African-American
1,1,0.9992034522554439,7.134426622307933,African-American
0,0,8.684839337948986e-07,-13.956515881748938,African-American
0,0,1.4538930163469013e-06,-13.441264306519505,African-American
0,0,3.865987701961325e-06,-12.463289492263725,Caucasian
0,0,9.018908040865566e-07,-13.918771482091904,African-American
1,1,0.9999380166021022,9.688581999301201,African-American
0,0,1.471410466988624e-07,-15.731874061700994,African-American
0,0,1.7080797546373993e-06,-13.280139060854273,Other
0,0,2.5135781098224128e-08,-17.498973439031015,Caucasian
0,0,4.925735458151804e-08,-16.826207099615385,Caucasian
1,1,0.9995010040864994,7.602413531170541,Caucasian
1,1,0.9996953033063906,8.0958889802066,African-American
1,1,0.9965119947949391,5.654931178182333,Caucasian
1,1,0.9922217084120668,4.848609854859524,Native American
1,1,0.9999007533508069,9.217803148670608,African-American
0,0,1.825226583403933e-06,-13.213804598118374,Caucasian
1,1,0.9995661684298054,7.7424202605960195,African-American
0,0,1.2088378308594415e-06,-13.62584992142838,Caucasian
1,1,0.9902093577978169,4.616489341132033,African-American
0,0,3.1657755376714345e-06,-12.663109331004716,Other
0,0,2.409935557023281e-07,-15.238495402644052,African-American
1,1,0.9996921816765332,8.085692942190583,African-American
0,0,3.160653952013379e-07,-14.96731638186492,Caucasian
0,0,1.593980269614611e-07,-15.651861289176887,African-American
0,0,5.106739368985087e-07,-14.487534027994831,African-American
0,0,2.0633304974742218e-06,-13.091187071010875,Other
0,0,3.0033179193369006e-06,-12.715789903999138,African-American
1,1,0.9984530501361996,6.469921968951869,African-American
0,0,1.3808780957221087e-08,-18.09796113208037,African-American
0,0,1.010920489178874e-07,-16.107234258638893,African-American
1,1,0.9896575154157274,4.561098810421714,African-American
1,1,0.9975724247081281,6.018431815430548,Other
1,1,0.999828652368436,8.671644769637716,Caucasian
0,0,1.4170225411607642e-07,-15.76953764100942,African-American
1,1,0.9998146299504724,8.592971075808421,African-American
1,1,0.9997329647350188,8.227862758779208,Caucasian
0,0,5.650347315121293e-07,-14.386378070951503,African-American
1,1,0.9960858040456959,5.539223469820658,Caucasian
0,0,7.2154168452160785e-06,-11.83928337715974,African-American
0,0,0.006759639040558263,-4.9900031978392585,Hispanic
0,0,0.0017547830126945516,-6.343653744750658,Caucasian
0,0,0.002369383028851803,-6.0427534886460155,Hispanic
0,0,1.018510503113557e-07,-16.09975428014036,African-American
1,1,0.9999255778712373,9.505682805843682,Other
0,0,1.2609824932402131e-08,-18.18878955769149,Other
0,0,0.00047398290764602867,-7.653865201464821,African-American
0,1,0.7868303312017453,1.3059242201041799,African-American
1,1,0.9999736040289106,10.542272773387017,African-American
1,1,0.9998928384107547,9.14106551548327,Caucasian
1,1,0.9999309645191762,9.580820932828303,Caucasian
0,0,2.8961422955767366e-06,-12.752128053288448,Caucasian
0,1,0.7192642175892877,0.9408148186005605,Caucasian
1,1,0.999929182758886,9.555337248602076,Hispanic
1,1,0.9983403816003629,6.399506585684883,Caucasian
0,0,2.192206651887349e-08,-17.63577208189213,Other
0,0,5.108328281970064e-06,-12.18463324531689,African-American
1,1,0.9997624871643638,8.345051350119574,African-American
0,0,8.687753791687767e-07,-13.956180358286671,African-American
0,0,5.648383747227597e-07,-14.386725644322693,African-American
0,0,4.170764884585728e-08,-16.99258125769429,African-American
1,1,0.9960916252300223,5.540717618821785,African-American
0,0,4.519572318690157e-07,-14.609677829392393,Caucasian
1,1,0.998391488221865,6.430836082055914,African-American
0,0,4.557888940130405e-08,-16.903821133768204,African-American
0,0,1.2628706788104807e-07,-15.884708078619362,African-American
1,1,0.999966725452312,10.310684511822856,Hispanic
1,1,0.9611043249109786,3.2071998975659057,African-American
0,0,3.907584707060069e-08,-17.057761243727594,Caucasian
0,0,1.4509487264351258e-06,-13.44329147044588,Caucasian
1,1,0.9997430301508615,8.266294795607187,Other
0,0,7.813327241399777e-08,-16.36484976946302,Caucasian
1,1,0.999959099530818,10.10432812223224,African-American
0,0,4.9655097046160766e-08,-16.818164742529266,African-American
0,0,2.3097277914881597e-06,-12.97837856982631,African-American
0,0,4.305556620964689e-06,-12.355599826485415,Hispanic
0,0,3.1095043665917093e-09,-19.588802488001537,African-American
1,1,0.9925523778813122,4.892384982109328,African-American
0,1,0.8281692849115372,1.5727078063101116,Caucasian
1,1,0.9993337180760893,7.313131163830332,African-American
1,1,0.9941597130837618,5.137117945769867,African-American
1,1,0.992236143679425,4.850481967735061,African-American
0,0,1.002949195287303e-06,-13.812564700072105,Hispanic
1,1,0.9458072201948782,2.8594910784916943,African-American
0,0,1.4446686126026632e-07,-15.750215545067066,Caucasian
1,1,0.9802561769864956,3.9049732589745303,Caucasian
0,0,7.368904782569512e-08,-16.42341157991225,African-American
0,0,9.283794383742057e-07,-13.88982438178958,Caucasian
0,0,0.00030471583747195604,-8.095826133787869,African-American
1,1,0.9999475904825413,9.85636994134878,African-American
1,1,0.999962999077226,10.204530704184984,African-American
1,1,0.7676652873176976,1.195174755329394,Caucasian
1,1,0.9966625446753868,5.699203604177788,African-American
1,1,0.99984055585029,8.743657398754719,African-American
1,1,0.9976008806085823,6.030251527313,African-American
0,0,0.000424088804927861,-7.765143500322385,African-American
1,1,0.9997164276042156,8.167759490467619,African-American
1,1,0.9627046676363362,3.2508785041409767,African-American
0,0,4.116207907023304e-07,-14.703162910730901,Caucasian
1,1,0.9992181302612383,7.153040230209226,African-American
0,0,1.5528442934871118e-07,-15.678007218293622,Hispanic
1,1,0.9996531763660407,7.9663472829170745,African-American
1,1,0.9999438965575319,9.788257279234346,Caucasian
1,1,0.989173655322954,4.514887417224179,Caucasian
1,1,0.9997923875191247,8.47962965462108,Caucasian
0,0,3.043777839717545e-08,-17.30758125918854,Caucasian
0,0,8.473307738561929e-07,-13.981173847164602,Caucasian
1,1,0.9129224118351367,2.34985135621506,African-American
1,1,0.9918269612237351,4.798707874861739,Caucasian
0,0,2.651483257962979e-07,-15.142976182410603,Hispanic
1,1,0.9870591430143809,4.3343404451221,African-American
0,0,0.0021989603705464167,-6.1175692075174615,Caucasian
0,0,0.0226363547112522,-3.765301559434452,African-American
1,1,0.9999018168667643,9.228577928712946,Caucasian
0,0,1.004369683551423e-07,-16.113735386316147,Caucasian
0,0,0.00372584987906016,-5.588727489574981,African-American
1,1,0.9999808563378494,10.863519711463594,African-American
1,1,0.9286784511568358,2.5665640457060452,African-American
0,0,0.002990592940141853,-5.809288529801317,Caucasian
0,0,7.472528618303978e-08,-16.40944722424193,African-American
1,1,0.9997780426955105,8.412803534767049,African-American
1,1,0.99955128717935,7.708678658991061,African-American
1,1,0.9994958309995612,7.592094731632189,African-American
0,0,3.3855432403799227e-07,-14.89858093431334,Caucasian
0,0,1.1071305092340278e-06,-13.713737909535315,African-American
1,1,0.9998333991302871,8.699742993130588,African-American
1,1,0.9999471441329183,9.847888980700715,African-American
0,0,1.8339393247031742e-06,-13.209042434322324,Caucasian
0,0,8.887062239743965e-07,-13.933498224060456,Other
0,0,0.00010911251963170084,-9.123021799508338,Caucasian
1,1,0.9996216904619757,7.879419432669652,Caucasian
1,1,0.9997198673021003,8.179966974047302,Hispanic
0,0,3.976331181414597e-08,-17.040321123739176,Caucasian
0,0,0.006297699406253148,-5.0612532723192585,Caucasian
0,0,5.139295951744323e-06,-12.178589322938697,African-American
1,1,0.9983543425774959,6.4079683126604,African-American
0,0,0.12439612860137814,-1.9514427278095436,African-American
0,0,0.00010166255058178748,-9.193749889206766,African-American
0,0,1.8901678342903782e-07,-15.481429835600721,African-American
1,1,0.992361253120533,4.866853638731179,African-American
0,0,2.224698261793337e-06,-13.015887039518717,Caucasian
0,0,7.09443213244234e-07,-14.158784671816772,Caucasian
0,0,9.81683887175208e-07,-13.833995505884362,Caucasian
1,1,0.9993000733441485,7.263834834046527,Caucasian
1,1,0.9833676908158415,4.0796359597690515,Caucasian
1,1,0.9735467209899391,3.605565695704479,Caucasian
0,0,1.4243901742518647e-08,-18.06693695547711,African-American
1,1,0.8627705778688559,1.8384946738575603,African-American
1,1,0.9992176699517877,7.152451213694284,African-American
1,1,0.999866515324349,8.921390382258334,Caucasian
0,0,1.2340739501635383e-08,-18.210359880725015,Caucasian
1,1,0.5485103987332748,0.19465389696093524,African-American
1,1,0.9869451026051528,4.325451074758091,Caucasian
1,1,0.9988791262921664,6.792525299155476,African-American
0,0,3.4171468147427607e-06,-12.586701202624667,Caucasian
1,1,0.9999291858647079,9.555381109531325,Hispanic
0,0,3.455347328175434e-05,-10.272967929593989,African-American
1,1,0.8126640542674013,1.4674143004465552,African-American
0,0,1.304924466047536e-07,-15.851950361789688,African-American
0,0,3.048796724074248e-08,-17.30593371738423,African-American
1,1,0.9997780278723502,8.41273673833389,African-American
1,1,0.999390058901099,7.401538037449095,African-American
1,1,0.9999683542746262,10.360875831547625,African-American
0,0,3.0544478473362863e-07,-15.00149650659436,Other
1,0,0.0979259783976578,-2.220484709758307,African-American
0,0,8.61183666504773e-07,-13.964957176424186,Caucasian
0,0,5.1298693071199624e-08,-16.785600509990456,Hispanic
1,1,0.9994944370961553,7.5893323976397715,Caucasian
0,0,1.1346900149248296e-06,-13.68914992424651,Caucasian
0,0,1.887199954477301e-08,-17.785586500090858,African-American
1,1,0.9869239064557263,4.323807297944915,Caucasian
0,0,1.7803081193308846e-06,-13.238722327583094,Caucasian
1,1,0.9995956561848157,7.812840588653808,African-American
0,0,2.2966857105089605e-06,-12.984041173004098,African-American
0,0,3.145844407120604e-08,-17.274598366448785,African-American
1,1,0.9999565026016323,10.042765930952141,African-American
1,1,0.9995057614647599,7.611997931748188,African-American
1,1,0.9997201012016887,8.180802516753637,African-American
1,1,0.9998209398541725,8.627609722173968,African-American
0,0,4.272078635256287e-07,-14.6659947151326,African-American
0,0,3.1514862690037295e-07,-14.970221162819794,Other
0,0,2.0436634317617498e-07,-15.403351449373403,African-American
1,1,0.9986594606908917,6.613341837868913,Caucasian
1,1,0.9718090308701708,3.5401576318273924,Other
0,0,1.5526663926543036e-05,-11.072936231870289,Caucasian
1,1,0.9997270083385538,8.205796278468343,African-American
0,0,0.006332413886409653,-5.055721226187491,Caucasian
0,0,9.431839528831373e-09,-18.47917467790691,African-American
0,0,0.002212720263821949,-6.111317459821015,Caucasian
0,0,7.73134245281198e-06,-11.770220311178244,Caucasian
1,1,0.9903565841989096,4.631789682263812,Caucasian
1,1,0.9983868000338894,6.427921013398319,African-American
0,0,3.120610493771457e-08,-17.282652058985363,African-American
0,0,4.821145526777778e-07,-14.545083607860866,African-American
0,0,1.6690333072805615e-08,-17.908436126352125,Caucasian
0,0,1.5043350861999606e-07,-15.70974450313714,African-American
1,1,0.9871236092439772,4.339399808319865,African-American
1,1,0.9998848567027466,9.06921799229375,African-American
1,1,0.9992968686755472,7.2592634991974565,African-American
1,1,0.9994386292515884,7.484567471735588,Caucasian
0,0,0.06948379418130139,-2.5946459440453307,Caucasian
0,0,2.3942838130484597e-06,-12.942424011752125,African-American
1,1,0.9968411097067146,5.754370595950668,African-American
0,0,3.6654695168269314e-06,-12.516550457079846,Hispanic
1,1,0.8329838519939096,1.6069237542281138,African-American
0,0,4.090470065984715e-08,-17.012020809038354,Caucasian
0,0,1.3623530015012802e-07,-15.808882161794564,Caucasian
0,0,1.725668992844317e-08,-17.875065929457108,Caucasian
0,0,9.708711181719618e-08,-16.147657104399403,African-American
1,1,0.9999427854985645,9.768645953972207,Caucasian
0,0,2.0233513642875246e-06,-13.110753306737788,Caucasian
1,1,0.9994516394396341,7.508029019537917,African-American
0,0,1.977013232845625e-06,-13.133921343386131,African-American
1,1,0.9953067561234328,5.356926985766512,Hispanic
1,1,0.9996541929924601,7.969283853388509,African-American
0,1,0.6214300572081646,0.4956225207178075,Hispanic
0,0,2.2301749888507875e-07,-15.316015375210728,Caucasian
1,1,0.9863954934697355,4.283656282802585,African-American
0,0,1.2950351982773428e-06,-13.556971388009165,Caucasian
1,1,0.9989501679894477,6.858074734092472,Caucasian
1,1,0.9562706020419599,3.0850203314503317,Caucasian
1,1,0.9997492719417275,8.29089087985184,African-American
0,0,6.000658584982791e-08,-16.62881145657757,Caucasian
1,1,0.9766540091566425,3.7337071823353716,Asian
0,0,2.7170294621721603e-08,-17.421141542755812,African-American
0,0,0.005910740827008447,-5.125055825583893,Caucasian
1,1,0.9948618902664832,5.265918668069111,African-American
1,1,0.9996484090930813,7.952690601764104,African-American
1,1,0.9759563671829412,3.7035476658901176,African-American
0,0,7.389147517586771e-06,-11.815490796696272,African-American
0,0,1.0414623517493184e-07,-16.0774697138509,African-American
1,1,0.999904435167847,9.255610100695213,Caucasian
0,0,1.3052632605664624e-08,-18.15427597823545,African-American
1,1,0.9879478773382312,4.406389141698783,African-American
1,1,0.9999496949262502,9.897354309828922,African-American
1,1,0.9999685236165876,10.36624154938425,African-American
1,1,0.9995716225688247,7.7550774332310475,Caucasian
1,1,0.9953502077349268,5.366272098381784,Caucasian
1,1,0.9969368032484288,5.785228320329167,African-American
0,0,6.748453971565866e-08,-16.51136723906684,African-American
0,0,2.152864840686885e-08,-17.653881283212765,Caucasian
0,0,0.0001713039285986828,-8.671899900268219,African-American
0,0,1.852068434213836e-06,-13.199205618833478,African-American
0,0,6.042324446846363e-06,-12.016715735514506,Caucasian
1,1,0.9942341635324268,5.150022518596131,Caucasian
1,1,0.9169559471928023,2.401688207255492,Other
0,0,1.922650728857997e-06,-13.161803813460436,Other
1,1,0.9965393572770361,5.662834304483468,Hispanic
0,0,2.7563042816024736e-07,-15.104204621303326,Hispanic
0,0,1.6781725927076317e-07,-15.600390024182966,African-American
0,0,2.4575267953430345e-06,-12.91635262395806,Caucasian
0,0,0.15226283165731516,-1.7169624615394883,Caucasian
1,1,0.9998881642353817,9.098367308185543,African-American
0,1,0.6056896624697529,0.42922948879761763,Caucasian
1,1,0.9994856985494536,7.5721865510098825,African-American
0,0,0.019140802714239853,-3.936606595245537,Caucasian
1,1,0.9907077226945132,4.669235901209451,Caucasian
1,1,0.9999615454819033,10.16599590789252,African-American
1,1,0.9851167254861181,4.192522070570971,African-American
1,1,0.9977237813179942,6.082960872403112,Hispanic
1,1,0.9488148481059074,2.9197641895555546,Other
1,1,0.9996488289796117,7.953885982891259,African-American
1,1,0.9990750722264381,6.984869550353046,African-American
0,0,3.76099330193559e-08,-17.095997607782277,African-American
1,1,0.9995707888004305,7.753132150153535,African-American
1,1,0.9704186177083222,3.49058235623922,African-American
0,0,4.09395908916274e-07,-14.70858274724987,Caucasian
0,0,4.7484333914000034e-08,-16.862865945158372,Asian
0,0,2.66850036992966e-07,-15.136578728688079,Caucasian
0,0,1.5104089064728572e-07,-15.705715086761366,Caucasian
0,0,1.7166090019081352e-07,-15.577744644975539,Other
0,0,0.00021828107247842793,-8.429508697443918,African-American
0,0,3.3080635500085972e-06,-12.61914426191211,Caucasian
1,1,0.9998848490196358,9.069151260322059,Caucasian
1,1,0.9029096761873594,2.2299808034867867,Caucasian
1,1,0.9999461700655993,9.82962701264664,Hispanic
1,1,0.5428181998522026,0.17169333304403542,Caucasian
1,1,0.9734726758950408,3.6026944564381203,Hispanic
1,1,0.999885185244805,9.072075731417625,Caucasian
0,0,1.042584265382953e-07,-16.076393045172093,Hispanic
1,1,0.9980007033203825,6.212958522519301,African-American
1,1,0.9998197099919005,8.620763541223065,Caucasian
0,0,3.7031956446977055e-06,-12.506310720119108,Caucasian
0,0,1.3827161486156331e-06,-13.491459386857853,Caucasian
1,1,0.9996600658811569,7.986418735328391,African-American
0,0,2.1327250972183843e-07,-15.36069488731893,Caucasian
1,1,0.9197274928274679,2.4386502368209815,African-American
1,1,0.9828715305450396,4.0497364608622695,African-American
1,1,0.8675958069931924,1.8798666338237477,African-American
1,1,0.9971812740389587,5.868647576933339,African-American
0,0,0.0006120104507737822,-7.398149001364384,Caucasian
0,0,2.4950370064576324e-06,-12.901204501583122,African-American
0,1,0.5983819745983373,0.39872785220481666,Caucasian
1,1,0.9994234092151429,7.457800997674715,African-American
1,1,0.9999634701854083,10.217345262196512,African-American
0,0,6.428375387995926e-07,-14.25737316307119,African-American
0,0,2.5718304442204333e-07,-15.17347751328194,Hispanic
0,0,3.623023941964999e-07,-14.830786268438782,African-American
1,1,0.9980263390209799,6.225889484656974,African-American
0,0,4.295597222551218e-08,-16.963090104574615,African-American
1,1,0.9999634934081341,10.217981207356866,African-American
1,1,0.9867042158173526,4.306923308266492,Caucasian
1,1,0.9924740121036653,4.881838744016935,African-American
0,0,7.108032320244133e-07,-14.156869482849114,African-American
1,1,0.9935194913700527,5.032454681132634,Caucasian
1,1,0.96641052053909,3.3593758067835733,African-American
0,0,1.348658619190654e-06,-13.516398726231767,Hispanic
0,0,7.769762738123297e-06,-11.765263159892084,African-American
0,0,1.5902347996036285e-06,-13.351627289691926,African-American
1,1,0.9973663525805607,5.936748420515029,African-American
0,0,1.2782326400338052e-06,-13.570030905886489,Caucasian
1,1,0.996964483520287,5.794333561409368,African-American
1,1,0.9998539076970728,8.831125821212268,African-American
0,0,1.0372701585897505e-06,-13.778917106002515,African-American
1,1,0.9995840325547678,7.784487503434895,Hispanic
1,1,0.999138234247705,7.055664936022891,Hispanic
1,1,0.999889330196775,9.108848859794927,African-American
0,1,0.533217012807017,0.13306404063920452,African-American
0,0,0.00044640442238553764,-7.713838736078104,African-American
0,0,1.3969639421704052e-06,-13.481207891959281,Caucasian
1,1,0.9998627476242464,8.893551906248783,Caucasian
0,0,1.212091793835521e-07,-15.925747907481895,Caucasian
0,0,1.3787925095879066e-06,-13.494301056083811,African-American
0,0,1.2064475804751167e-06,-13.627829193973147,African-American
0,0,6.076082648469184e-08,-16.616320496103324,Other
0,0,2.0857568433067925e-07,-15.382963658606627,Caucasian
0,0,4.3049390052174876e-08,-16.96091773148196,Hispanic
0,0,0.028212457572034194,-3.5393735645484967,African-American
1,1,0.9999043855805138,9.255091298843922,Caucasian
1,1,0.9997431634432967,8.266813771971545,African-American
0,0,0.003405347960106989,-5.6789969943202,Hispanic
0,0,3.0511649715657184e-07,-15.002571870259402,African-American
0,0,0.012073215160922765,-4.404619214734876,Caucasian
1,1,0.9999408529229403,9.735424235662816,Caucasian
0,0,1.7126438040373046e-06,-13.277470584529839,Caucasian
0,0,2.0386538353942985e-06,-13.103218813882552,African-American
0,0,1.6890270526428425e-06,-13.29135621427994,African-American
0,0,0.004275894945130474,-5.450476791885716,African-American
0,0,7.718496807015543e-07,-14.074475248148069,African-American
1,1,0.8143269892218519,1.4783748719636978,African-American
1,1,0.9999005842317958,9.21610040232783,Other
0,0,5.419565191804453e-08,-16.730665100437495,African-American
1,1,0.9996098534534886,7.848597906461753,Caucasian
1,1,0.9953988995606656,5.376848060071754,African-American
0,0,6.6286215976844505e-09,-18.831868951553346,Hispanic
1,1,0.9998827083891806,9.050730025388507,Caucasian
0,0,1.0145399045452343e-07,-16.103660335794817,African-American
1,1,0.5989987035284555,0.401294773322414,Hispanic
0,0,1.7002775572435892e-06,-13.284717350983211,Caucasian
0,0,0.00016704226376222723,-8.697096644928557,African-American
1,1,0.999502680514175,7.605780466581581,Caucasian
0,0,6.687718261207625e-07,-14.217822233306801,Caucasian
1,1,0.9899077548044736,4.585844435309372,Caucasian
1,1,0.998562284529148,6.54326115378353,Caucasian
1,1,0.9849065742572777,4.178287520465655,Caucasian
1,1,0.9999302031632292,9.569852068420454,Other
0,0,1.993431441720679e-06,-13.125651068193072,Other
0,0,1.7885195744343858e-08,-17.83929250180046,Hispanic
1,1,0.999394895997704,7.4095049229343015,Caucasian
0,0,4.866410147960979e-06,-12.233149162208376,African-American
0,0,4.4643654694291415e-08,-16.924553607189065,Caucasian
0,0,1.593950098231604e-06,-13.349293690137683,Caucasian
0,0,3.4717734441096955e-08,-17.176015166838102,Caucasian
0,0,2.5153616689591716e-06,-12.893091444631514,African-American
0,0,9.565443475500796e-08,-16.16252368207896,African-American
1,1,0.97204206580414,3.548698050732475,African-American
1,1,0.9997536928364186,8.308684830978104,African-American
1,1,0.9991972129687836,7.126617986174266,Caucasian
0,0,3.707406432800095e-07,-14.80776272278189,African-American
1,1,0.9995871650602847,7.7920497864159595,African-American
0,0,0.003127362500064757,-5.764433018479363,Caucasian
1,1,0.99590958511758,5.495010072314928,Hispanic
0,0,1.9975785703160643e-08,-17.72874499176592,African-American
1,1,0.9912258907937699,4.727137201389926,Caucasian
1,1,0.9967702025113627,5.732100816186971,African-American
1,1,0.9999291093027959,9.554300449921989,Caucasian
0,0,9.159015821170712e-07,-13.903356005246337,African-American
0,0,3.220043050452459e-05,-10.343498534848603,African-American
1,1,0.9710157831785757,3.5115912884271303,African-American
0,0,0.0022147778256643366,-6.110385950882907,African-American
1,1,0.9999271659153386,9.527253679695445,Caucasian
1,1,0.9992500683482641,7.1947782736143004,African-American
0,0,2.518260640704419e-07,-15.194526957864413,African-American
1,1,0.9969702959611234,5.796256038286716,African-American
1,1,0.9931075961213635,4.970419094751107,African-American
0,0,4.012070613896829e-06,-12.426199075268622,Caucasian
1,1,0.9999344978466379,9.633362035807552,African-American
0,0,4.7587138640819676e-07,-14.55811773997461,Hispanic
1,1,0.9954245857477585,5.382472123917874,African-American
0,0,0.0001047994302084812,-9.163357418112033,Caucasian
0,0,2.2091261882603262e-07,-15.325498382630677,African-American
1,1,0.9987080501456292,6.65030990164039,Caucasian
0,0,1.25280846625439e-06,-13.590121501057563,Caucasian
1,1,0.9974670180137359,5.975821824196216,African-American
1,1,0.9943396359591418,5.168590626051176,African-American
0,0,3.909123424424547e-06,-12.452193488096563,Caucasian
0,0,0.00010520166514731945,-9.159526222190129,Caucasian
0,0,2.982592721352436e-06,-12.722714612393538,Hispanic
0,0,9.79367397381366e-09,-18.441529162785507,African-American
0,0,1.374300491431648e-07,-15.800150645362777,Hispanic
0,0,1.8014459446495767e-06,-13.226919111506325,African-American
1,1,0.9999194161117663,9.426131239143158,African-American
0,0,0.014945033267371184,-4.188318421684466,Hispanic
0,0,2.0216624269803082e-07,-15.414175292190684,Caucasian
0,0,1.9479051235558974e-07,-15.451340956673643,Caucasian
0,0,4.667844917855133e-08,-16.879983205797554,African-American
0,0,2.898757441781966e-07,-15.053813184259944,African-American
0,0,1.0969269012812352e-06,-13.722996917076717,African-American
1,1,0.9999464624373658,9.835073506115831,African-American
1,1,0.9996249822506793,7.888162113506051,African-American
1,1,0.9998862607266455,9.081488059018243,Caucasian
1,1,0.9999138546699521,9.359388654639778,African-American
0,0,3.001037142735072e-06,-12.716549613754895,Hispanic
1,1,0.9983538514082874,6.407669401388172,Caucasian
0,0,1.930310357691123e-07,-15.4604146608447,African-American
